name,email,age,nationality,sex
Daniel Kent PhD,stacy50@example.org,60,Suriname,Male
Daniel Jensen,aavila@example.com,42,Latvia,Male
Kristen Copeland,leonardderek@example.net,39,Mozambique,Male
Shannon Krause,gcollins@example.net,56,Falkland Islands (Malvinas),Female
Jonathon Burke,jasminewilliams@example.org,65,Lao People's Democratic Republic,Male
Kim Gutierrez,katherine50@example.com,22,Moldova,Male
Brittany Baird,bretthernandez@example.net,36,Brunei Darussalam,Female
Charles Hunter,mckenziesusan@example.com,33,Suriname,Female
Michael Henry,joelgallagher@example.net,70,Mozambique,Female
Christopher Perez,morrismichael@example.net,70,Lao People's Democratic Republic,Male
Autumn Woods,fhale@example.com,45,Germany,Female
Brittany Poole,jonathan18@example.org,40,Guam,Female
Gail Moran,cheryl57@example.org,34,Christmas Island,Female
Jessica Yates,rwright@example.org,35,Bolivia,Male
Sarah Macdonald,cookrandy@example.org,21,India,Male
David Nelson,alisonbrewer@example.org,29,Cyprus,Male
Kelly Knox,hernandezdavid@example.org,58,Niger,Female
Dan Kaufman MD,jessica45@example.com,25,Albania,Male
Mary Smith,susanarmstrong@example.com,25,Monaco,Female
Jonathan Anderson,christy52@example.net,64,Swaziland,Male
Glenn David,qbenson@example.org,20,Sri Lanka,Male
Stephanie Martinez,nelsonleslie@example.org,27,Iraq,Male
David Mcmillan,wilsonhannah@example.net,26,Tajikistan,Female
Laura Mccarthy MD,john77@example.com,45,Cocos (Keeling) Islands,Female
Kyle Robbins DDS,richardlopez@example.net,27,French Guiana,Male
Dr. Nicole Cruz MD,vwilson@example.com,71,Djibouti,Female
Michelle Martinez,xgrant@example.com,77,Turks and Caicos Islands,Male
Stephanie Vargas,josephtaylor@example.net,68,Papua New Guinea,Male
Vanessa Garza,hebertwilliam@example.net,77,Isle of Man,Male
Margaret Lee,jcortez@example.com,53,Kuwait,Female
Brandon Fischer,cynthiapatterson@example.net,34,Malaysia,Male
David Sherman,ntrevino@example.org,35,China,Male
Sarah Gamble,jryan@example.net,49,Jamaica,Male
Jared Yoder,qstanley@example.com,78,Northern Mariana Islands,Female
Heather Smith,garretttaylor@example.net,55,Libyan Arab Jamahiriya,Female
Phillip Nelson,chad94@example.com,27,Guadeloupe,Female
Elizabeth Grant,sschultz@example.net,33,Costa Rica,Male
Timothy Williams,coreywatkins@example.com,26,Slovakia (Slovak Republic),Male
Jeffrey Martin,newmanrachel@example.org,26,Mayotte,Male
Amber Anderson,ycampbell@example.net,51,Cape Verde,Male
Alison Rosario,brooke14@example.net,22,Guadeloupe,Female
Ronald Norman,robinsonjennifer@example.com,66,Gabon,Male
Herbert Dickerson,wallaceevan@example.net,64,Azerbaijan,Male
James Martin DDS,dkelley@example.net,21,Vietnam,Male
Michelle Hall,james95@example.com,41,Tonga,Female
Nicholas Brown,elizabethhuffman@example.com,28,Moldova,Male
Nancy Martinez,carlsonjohn@example.net,22,Chile,Male
Robert Phelps,brian89@example.net,42,Guinea-Bissau,Female
Evelyn Perez,hthomas@example.com,74,Mayotte,Male
Alex Richards,katherinewilson@example.net,79,Niger,Female
Alexandra Chambers,sherrybennett@example.com,22,Saint Helena,Male
Kristopher Williamson,xpatton@example.com,27,Germany,Male
Karen Ramirez,audrey73@example.org,68,Svalbard & Jan Mayen Islands,Male
Kelly Richards,evanmiller@example.org,40,Congo,Female
Sarah Brown,brad85@example.org,22,Switzerland,Male
Kimberly Williams,moyerhannah@example.net,23,Belgium,Male
Jennifer Coleman,hfields@example.org,53,Greenland,Female
Lisa Garcia,molly96@example.org,50,Trinidad and Tobago,Female
Duane Hayes,denise34@example.com,76,Nicaragua,Female
Mark Phillips,bonnieleonard@example.net,73,Ukraine,Male
Melvin Wilcox,davidmaxwell@example.net,49,United States Minor Outlying Islands,Male
Colleen Davis,hoodjocelyn@example.net,68,Maldives,Female
Erin Lozano,doughertyjeffrey@example.com,40,Uganda,Female
Mario Allen,gtaylor@example.com,58,Netherlands Antilles,Male
Haley Wilson,tyrone96@example.net,49,Sao Tome and Principe,Male
Valerie Chan,zcollins@example.com,61,Monaco,Male
Ronald Wright,markbaker@example.com,65,Azerbaijan,Male
Jennifer Cooper,kimberly77@example.com,78,Cayman Islands,Female
Nancy Sandoval,housedoris@example.net,79,Nepal,Male
Kelsey Cameron,jennifer58@example.org,29,Nauru,Female
Leonard Willis,alison95@example.org,61,Thailand,Female
Victoria Hayes,anthony79@example.net,42,Micronesia,Female
Daniel Foley,browncarol@example.com,69,Bulgaria,Male
Destiny Kelley,rebeccafranklin@example.org,70,Montserrat,Male
Jennifer Smith,matthew78@example.org,19,South Georgia and the South Sandwich Islands,Male
Derek Oliver,rcrawford@example.com,38,Monaco,Male
Kerry Lucero,stevenmorgan@example.org,75,British Indian Ocean Territory (Chagos Archipelago),Male
Bryan Taylor,michaelsilva@example.org,54,Cook Islands,Male
Mary Lee,nicole69@example.org,58,Nigeria,Male
Justin White,aingram@example.org,37,Cayman Islands,Male
Janet Dean,ypham@example.com,76,Singapore,Male
Mr. James Hamilton,smithdavid@example.com,72,Christmas Island,Female
Alexander Valenzuela,garciajohn@example.net,78,Lebanon,Female
Shelley Nicholson,bpowell@example.org,39,Madagascar,Male
Ashley Lozano,hmartin@example.net,74,New Caledonia,Male
Jeffrey Wilson,angelagraham@example.com,68,Uganda,Male
Jennifer Cantu,nicoledyer@example.net,50,Belize,Female
James Whitaker,richard30@example.org,30,Ghana,Female
Stephanie Franklin,alexandra50@example.com,71,Kazakhstan,Male
Luke Lopez,jodi44@example.org,79,Guadeloupe,Female
Laura Lewis,gloverbenjamin@example.com,60,Armenia,Female
Joshua Young,jessicarodriguez@example.net,57,Turks and Caicos Islands,Male
Julie Rodriguez,christophermoreno@example.net,18,Norway,Male
Steven Smith,pcox@example.net,80,Greece,Female
Steven Cox,pearsonkerri@example.org,55,Seychelles,Male
Kristen Hickman,douglas02@example.com,43,Uganda,Female
Bob Jimenez,andersonnicholas@example.com,48,Turkey,Female
Stephanie Long,pking@example.org,75,Turks and Caicos Islands,Male
Robyn Gray,brivera@example.com,18,Mozambique,Female
Steven Turner,richmondtammy@example.org,18,Slovenia,Female
Parker King,ashley16@example.org,36,Mayotte,Male
Dr. Wendy Ramirez,jennifer08@example.net,63,Albania,Male
Sherry Olsen,bmartinez@example.net,76,Pitcairn Islands,Female
Ryan Williams,marygonzalez@example.net,40,Mongolia,Male
Richard Mendoza,rarmstrong@example.com,61,Norway,Male
Michael Gonzales,hawkinsjudith@example.org,76,Cyprus,Male
Evelyn Combs,kristina89@example.net,39,Mali,Female
Lauren Adams,gonzalezantonio@example.net,44,Qatar,Female
Stanley Maddox,qcohen@example.com,66,San Marino,Male
Nicole Campbell,allisonsteele@example.org,49,Northern Mariana Islands,Female
Francisco Henry,annahill@example.org,39,Jersey,Female
April Davenport,lgriffin@example.com,75,Puerto Rico,Male
Jeffrey Reid,tiffany97@example.net,29,Mozambique,Female
Jeremy Smith,torresalison@example.org,64,Fiji,Male
Carol Rivera,thompsonkelly@example.org,70,Sweden,Female
Keith Morris,jessicacampos@example.net,25,Austria,Male
Melissa Cook,rmckenzie@example.net,67,Svalbard & Jan Mayen Islands,Female
Julie Turner,griffithjames@example.net,19,Tanzania,Female
Deanna Spencer,yoderamy@example.net,51,Uruguay,Female
Karen Knapp,trevor67@example.org,23,Turks and Caicos Islands,Female
Sherri Houston,perezkara@example.com,22,Nepal,Male
Dominique Glenn,bmyers@example.com,66,Cote d'Ivoire,Male
Thomas Garcia Jr.,edward80@example.com,29,Andorra,Male
Timothy Huynh,christy66@example.com,51,Cape Verde,Male
James James,sheltonkevin@example.com,39,Guyana,Male
Scott Ellis,kanderson@example.net,30,Equatorial Guinea,Male
Kenneth Bradford Jr.,lerussell@example.org,64,Liechtenstein,Female
Raymond Parker,brandon18@example.org,32,Liechtenstein,Male
Kimberly Sims,ashleybaker@example.com,51,Tanzania,Female
Shawn Kennedy,rmcdowell@example.com,25,Zimbabwe,Male
Leslie Torres,mandrews@example.org,67,Greece,Female
Darlene Gibbs,wballard@example.com,45,Albania,Female
Dr. Sara Lowe,dhudson@example.com,36,New Caledonia,Female
Pamela Pearson,othompson@example.com,49,Peru,Male
James Meyer,brownangela@example.com,49,Costa Rica,Male
Edward West,oneal@example.com,70,Mongolia,Female
Kayla Vincent,melendezpatty@example.com,19,Argentina,Male
Anna Fischer,janet79@example.net,79,Saint Helena,Female
Mario White,jacqueline74@example.net,29,Cuba,Male
Ashley Ruiz,thomas47@example.com,64,Montenegro,Female
Kaitlin Smith,mccoyadam@example.net,24,Bahrain,Female
Veronica Foster,xanderson@example.net,22,Mali,Male
Alexandra Johnson,jamesrussell@example.org,56,Guam,Female
James Franco,julialewis@example.net,79,China,Male
Jennifer Jackson,nicholsdiane@example.net,43,Cameroon,Female
Kelly Rodriguez,wrusso@example.net,31,Austria,Male
Nicholas Davenport,tanyanash@example.org,80,Ghana,Female
Jaime Moore,etrevino@example.org,23,Guatemala,Male
Paula Morris,hatfieldrenee@example.net,69,Sudan,Male
Alison Alvarez,louiswilson@example.net,34,Kenya,Male
